JobID,real_start_time,real_end_time,simulate_start_time,simulate_end_time
application_1608647568797_0002,25000,0,1608647594786,1608647678801
application_1608647568797_0001,0,0,1608647569787,1608647679791
application_1608647568797_0003,50000,0,1608647619786,1608647703789
application_1608647568797_0005,55000,0,1608647624787,1608647708789
application_1608647568797_0006,60000,0,1608647629786,1608647728786
application_1608647568797_0009,90000,0,1608647659787,1608647762787
application_1608647568797_0008,80000,0,1608647649786,1608647762787
application_1608647568797_0004,50000,0,1608647619786,1608647778787
application_1608647568797_0007,70000,0,1608647639787,1608647784786
application_1608647568797_0010,100000,0,1608647669786,1608647836787
